{
    "loss": 0.435401052236557,
    "accuracy": 0.8627451062202454
}