{
    "loss": 7.018047332763672,
    "accuracy": 0.4313725531101227
}