{
    "loss": 12.682442665100098,
    "accuracy": 0.5686274766921997
}